model_name,axis,group,n,si_sdr,si_sdri,input_si_sdr,input_si_sdr_pairwise,stoi,estoi,pesq,dnsmos_sig,dnsmos_bak,dnsmos_ovrl,dnsmos_p808,wer,spk_sim,dnsmos_sig_clipped,dnsmos_bak_clipped,dnsmos_ovrl_clipped,dnsmos_p808_clipped,wer_raw
styletse_v1_last,overlap_ratio,0.0,834,15.93656124452791,15.94708106646129,-0.010519821933380323,-0.010519821933380323,0.9752402350752392,0.9682653118189817,4.217791992554561,3.4403941391562425,4.003371775702736,3.1561488039637084,3.701619119095288,0.5891779958584676,0.7440214148568268,3.174836309541268,3.698779513095468,2.817562494470859,3.5017080704371133,0.665806743607151
styletse_v1_last,overlap_ratio,0.2000000029802322,834,17.087149841090127,16.866321859081275,0.22082798200884945,0.22082798200884945,0.9435663672235747,0.914635004571363,3.378600692720436,3.4431407212115572,3.9926123439492844,3.148069532056331,3.6427236809719097,0.3409868099658036,0.8810106862861812,3.180750733175702,3.6813545087125794,2.8026489643982297,3.4558135328247106,0.41754307451331396
styletse_v1_last,overlap_ratio,0.4000000059604645,833,15.954490365235719,16.008194503056696,-0.053704137820976175,-0.053704137820976175,0.9395281285247944,0.8950043354798499,2.911730664975646,3.4433807023964342,3.9872231906899063,3.1470997329752297,3.623203241524576,0.29844361518157825,0.8909241832473912,3.1888023073689467,3.6785794886590097,2.809568994172664,3.4437468647241305,0.375659192002568
styletse_v1_last,overlap_ratio,0.6000000238418579,833,15.68629422528633,15.717756891672934,-0.03146266638660462,-0.03146266638660462,0.9317736545630134,0.8757004243838364,2.621335870793172,3.462304430224493,4.018284216575717,3.17820586419274,3.6198813523135693,0.2817469306392425,0.8895732535482914,3.187114314462274,3.7009054599289595,2.815315955951617,3.415928601932411,0.35926533588551635
styletse_v1_last,overlap_ratio,0.800000011920929,833,14.073269036194288,13.999712780831024,0.07355625536326675,0.07355625536326675,0.911607373448942,0.8395710322461332,2.346831014033268,3.4365359800975326,3.966848145580389,3.139432253561156,3.565005582062995,0.3024788339006721,0.8557385965863012,3.166770741308902,3.6135717157778977,2.7658845179532454,3.3779140972719044,0.37542272387895825
styletse_v1_last,overlap_ratio,1.0,833,4.580039753068175,4.524975816420293,0.055063936647881444,0.055063936647881444,0.7643798734905255,0.6642422974346517,1.9141043603491812,3.3576026971640123,3.8192970621142273,3.0161689177065227,3.419889650711206,0.4531402765491876,0.6710837689495012,3.1132579930942756,3.3667440165381253,2.6099672490481187,3.2426667284994135,0.5137524557956779
styletse_v1_last,overlap_ratio,ALL,5000,13.887350966153189,13.845032230644527,0.04231873550866261,0.04231873550866261,0.9110352936659863,0.8596024864920182,2.898759018135071,3.430564261435769,3.964619476810333,3.1308626860695212,3.5954178181648255,0.37701151151526985,0.8220548335390793,3.1685924150738414,3.623349148276188,2.7701740084124964,3.406325301742554,0.4507239148833273
styletse_v1_last,prompt_category,gender_female,875,18.52649615418784,18.75482673519144,-0.22833058100360099,-0.22833058100360099,0.9474968078936427,0.902221718480759,3.003438140324184,3.4148831243728366,3.9891774093691295,3.12421887139814,3.5362931573050362,0.2857519904983944,0.8783966850442911,3.111617409147054,3.6751983144107485,2.7465011525735448,3.373368045261928,0.37112394491337186
styletse_v1_last,prompt_category,gender_male,875,18.09088545715232,17.683096765018952,0.40778869213337104,0.40778869213337104,0.9596566027954821,0.9167238277022913,3.1132089883259364,3.467308226805146,4.025517475490808,3.1896542145497166,3.6810409908294677,0.3156779661016949,0.8947769816472085,3.235378901381351,3.6721561335539947,2.841407653022049,3.461687315259661,0.38377676833225177
styletse_v1_last,prompt_category,order_first,875,11.02234227665143,11.202240222106866,-0.1798979454554363,-0.1798979454554363,0.8748856403649072,0.8172072295559872,2.7144318291800364,3.4172385264304634,3.934048085246183,3.1082272257512877,3.6091954857962474,0.4124869383490073,0.771477495534973,3.166677093471464,3.583070773140579,2.7526924068492726,3.4142067331586565,0.4880284160673566
styletse_v1_last,prompt_category,order_later,875,12.066520012517952,11.774998061941371,0.29152195057658176,0.29152195057658176,0.8958062065280048,0.8442026290835892,2.947690807751247,3.440779394997686,3.9637774677577378,3.143030888607741,3.592644695826939,0.43411813300289137,0.8039168129708212,3.182306787671855,3.642673486125088,2.7902941146454765,3.4059023974282403,0.5041915670650731
styletse_v1_last,prompt_category,pitch_higher,750,11.648273098144006,11.682501855493204,-0.034228757349197794,-0.034228757349197794,0.8938869104046459,0.8399702691949724,2.779872440656026,3.4088691139717726,3.929675935962557,3.0927139934833443,3.5369537121454875,0.38917914196724607,0.7848029375688399,3.1162734784564865,3.597720908443324,2.7183539704084208,3.371255800247192,0.46317495694458516
styletse_v1_last,prompt_category,pitch_lower,750,11.276782125616112,11.300024267168563,-0.02324214155245297,-0.02324214155245297,0.8888622468562194,0.8302983351254188,2.8032896203994753,3.4313151442262004,3.9365133985984926,3.1203841799554346,3.610128357569377,0.42910115692672796,0.7888999816281783,3.1956990650854435,3.5559915882957793,2.76342820406949,3.406554305076599,0.4982809307887787
styletse_v1_last,prompt_category,ALL,5000,13.887350966153189,13.845032230644527,0.04231873550866261,0.04231873550866261,0.9110352936659863,0.8596024864920182,2.898759018135071,3.430564261435769,3.964619476810333,3.1308626860695212,3.5954178181648255,0.37701151151526985,0.8220548335390793,3.1685924150738414,3.623349148276188,2.7701740084124964,3.406325301742554,0.4507239148833273
styletse_v1_last,same_gender,diff,3635,15.393141852619527,15.411009261932898,-0.017867409313374362,-0.017867409313374362,0.9239524538434858,0.8749528777009704,2.947619665374126,3.4379515213909637,3.9884165802623963,3.1463238913211615,3.5972585093040412,0.34823095109710067,0.8411221078184886,3.174098874385701,3.6559079277365,2.7878113829984166,3.4086691013556565,0.4242105043594343
styletse_v1_last,same_gender,same,1365,9.8774243197758,9.674829660143985,0.20259465963181597,0.20259465963181597,0.8766368487976998,0.8187243384740401,2.7686429355607363,3.410891961115525,3.901247703148611,3.089689439849952,3.590516050918635,0.4525656730638356,0.7712786122895158,3.1539286937561792,3.5366449993104463,2.7232056152844244,3.400083754787515,0.5204652693953693
styletse_v1_last,same_gender,ALL,5000,13.887350966153189,13.845032230644527,0.04231873550866261,0.04231873550866261,0.9110352936659863,0.8596024864920182,2.898759018135071,3.430564261435769,3.964619476810333,3.1308626860695212,3.5954178181648255,0.37701151151526985,0.8220548335390793,3.1685924150738414,3.623349148276188,2.7701740084124964,3.406325301742554,0.4507239148833273
styletse_v1_last,first_speak,infer,2442,14.092481864391692,13.9306699863624,0.1618118780292921,0.1618118780292921,0.9162531303411701,0.866786849285716,2.9847145798165324,3.428599716727734,3.974082286190757,3.133833468308033,3.5746788436716255,0.390770622832152,0.8327068421325824,3.1659799911006754,3.6552516250552283,2.7810157472781225,3.3928532380729695,0.4626537452416701
styletse_v1_last,first_speak,target,2558,13.691522329132692,13.763277969712917,-0.07175564058022607,-0.07175564058022607,0.9060540750730234,0.8527439196655096,2.8167013630818536,3.4324397181116963,3.955585786229021,3.12802662265027,3.6152163231344874,0.3633657887258641,0.8118858714650625,3.171086371032587,3.59289338271934,2.75982391994109,3.4191864352379113,0.4388770915224627
styletse_v1_last,first_speak,ALL,5000,13.887350966153189,13.845032230644527,0.04231873550866261,0.04231873550866261,0.9110352936659863,0.8596024864920182,2.898759018135071,3.430564261435769,3.964619476810333,3.1308626860695212,3.5954178181648255,0.37701151151526985,0.8220548335390793,3.1685924150738414,3.623349148276188,2.7701740084124964,3.406325301742554,0.4507239148833273
